{
  "filteredCreditsCount": 2843,
  "filteredCreditsSum": 378723.37999999995,
  "filteredDebitsCount": 1680,
  "filteredDebitsSum": 389827.65999999864,
  "unfilteredCreditsCount": 30708,
  "unfilteredCreditsSum": 4119508.960000042,
  "unfilteredDebitsCount": 17740,
  "unfilteredDebitsSum": 4041866.4300000826,
  "creditsByMonth": {
    "2024-01": 5580,
    "2024-02": 7021,
    "2023-12": 5540,
    "2024-03": 13083,
    "2024-04": 10323,
    "2024-05": 13440,
    "2024-06": 19287.42,
    "2024-07": 19321,
    "2024-08": 43672.81,
    "2024-09": 53711.2,
    "2024-10": 64064.92,
    "2024-11": 104357.29,
    "2024-12": 131547.6,
    "2025-01": 148577.77,
    "2025-02": 163517.67999999996,
    "2025-03": 132707.08999999997,
    "2025-04": 141901.59000000003,
    "2025-05": 209862.09999999934,
    "2025-06": 166283.78999999995,
    "2025-07": 254359.09999999974,
    "2025-08": 444221.37000000005,
    "2025-09": 307029.0999999996,
    "2025-10": 268168.95999999996,
    "2025-11": 403664.3099999998,
    "2025-12": 407963.16999999975,
    "2026-02": 131084.78999999998,
    "2026-01": 342248.31999999995,
    "2026-03": 9971.84,
    "2026-04": 1579,
    "2026-05": 5187,
    "2026-06": 8240.17,
    "2026-07": 2109.34,
    "2026-08": 50740.44,
    "2026-09": 7841,
    "2026-10": 8960.829999999998,
    "2026-11": 2940.85,
    "2026-12": 9400.110000000002
  }
}